{
    "Kepler-296": {
        "b": {
            "limb_dark": "quadratic",
            "u": [
                0.125,
                0.337
            ],
            "a": 35.5,
            "rp": 0.03082880551962052,
            "inc": 88.950863720719994,
            "per": 10.864384,
            "ecc": 0,
            "w": 90,
            "t0": 2454967.7536
        },
        "f": {
            "limb_dark": "quadratic",
            "u": [
                0.125,
                0.337
            ],
            "a": 115.1,
            "rp": 0.03446831728235351,
            "inc": 89.726213738851669,
            "per": 63.33627,
            "ecc": 0,
            "w": 90,
            "t0": 2454995.61161
        },
        "e": {
            "limb_dark": "quadratic",
            "u": [
                0.125,
                0.337
            ],
            "a": 76.2,
            "rp": 0.029116094101863832,
            "inc": 89.744348691934945,
            "per": 34.14211,
            "ecc": 0,
            "w": 90,
            "t0": 2454954.02752
        },
        "d": {
            "limb_dark": "quadratic",
            "u": [
                0.125,
                0.337
            ],
            "a": 53.1,
            "rp": 0.039820540462843175,
            "inc": 89.719454572515033,
            "per": 19.850291,
            "ecc": 0,
            "w": 90,
            "t0": 2454966.65098
        },
        "c": {
            "limb_dark": "quadratic",
            "u": [
                0.125,
                0.337
            ],
            "a": 23.5,
            "rp": 0.03810782904508648,
            "inc": 89.390458933039227,
            "per": 5.8416366,
            "ecc": 0,
            "w": 90,
            "t0": 2454968.92127
        }
    },
    "TRAPPIST-1": {
        "b": {
            "limb_dark": "quadratic",
            "u": [
                0.16,
                0.244
            ],
            "a": 20.56,
            "rp": 0.08408329203831164,
            "inc": 89.56,
            "per": 1.51087637,
            "ecc": 0,
            "w": 90,
            "t0": 2457322.51654
        },
        "h": {
            "limb_dark": "quadratic",
            "u": [
                0.16,
                0.244
            ],
            "a": 110.3,
            "rp": 0.058821764679410964,
            "inc": 89.796,
            "per": 18.767953,
            "ecc": 0,
            "w": 90,
            "t0": 2457662.55467
        },
        "f": {
            "limb_dark": "quadratic",
            "u": [
                0.16,
                0.244
            ],
            "a": 68.6,
            "rp": 0.07962411694957754,
            "inc": 89.719,
            "per": 9.205585,
            "ecc": 0,
            "w": 90,
            "t0": 2457671.39470
        },
        "e": {
            "limb_dark": "quadratic",
            "u": [
                0.16,
                0.244
            ],
            "a": 52.13,
            "rp": 0.06929646455628166,
            "inc": 89.736,
            "per": 6.099043,
            "ecc": 0,
            "w": 90,
            "t0": 2457660.37910
        },
        "c": {
            "limb_dark": "quadratic",
            "u": [
                0.16,
                0.244
            ],
            "a": 28.16,
            "rp": 0.08330666239863412,
            "inc": 89.70,
            "per": 2.42180746,
            "ecc": 0,
            "w": 90,
            "t0": 2457282.80879
        },
        "d": {
            "limb_dark": "quadratic",
            "u": [
                0.16,
                0.244
            ],
            "a": 39.68,
            "rp": 0.05971599450733446,
            "inc": 89.89,
            "per": 4.049959,
            "ecc": 0,
            "w": 90,
            "t0": 2457670.1422
        },
        "g": {
            "limb_dark": "quadratic",
            "u": [
                0.16,
                0.244
            ],
            "a": 83.5,
            "rp": 0.08740709353364863,
            "inc": 89.721,
            "per": 12.354473,
            "ecc": 0,
            "w": 90,
            "t0": 2457665.35084
        }
    },
    "Kepler-62": {
        "b": {
            "limb_dark": "quadratic",
            "u": [
                0.1082,
                0.1483
            ],
            "a": 18.572978606496108,
            "rp": 0.018786303363518757,
            "inc": 89.2,
            "per": 5.714932,
            "ecc": 0,
            "w": 90,
            "t0": 2455003.9189
        },
        "f": {
            "limb_dark": "quadratic",
            "u": [
                0.1082,
                0.1483
            ],
            "a": 241.09992254527495,
            "rp": 0.020231403622250968,
            "inc": 89.9,
            "per": 267.291,
            "ecc": 0,
            "w": 90,
            "t0": 2455422.71
        },
        "e": {
            "limb_dark": "quadratic",
            "u": [
                0.1082,
                0.1483
            ],
            "a": 143.22933849550512,
            "rp": 0.02312160413971539,
            "inc": 89.98,
            "per": 122.3874,
            "ecc": 0,
            "w": 90,
            "t0": 2454983.404
        },
        "d": {
            "limb_dark": "quadratic",
            "u": [
                0.1082,
                0.1483
            ],
            "a": 40.14974569689172,
            "rp": 0.027938605002156097,
            "inc": 89.7,
            "per": 18.16406,
            "ecc": 0,
            "w": 90,
            "t0": 2455013.8117
        },
        "c": {
            "limb_dark": "quadratic",
            "u": [
                0.1082,
                0.1483
            ],
            "a": 31.1980414305733,
            "rp": 0.00770720137990513,
            "inc": 89.7,
            "per": 12.4417,
            "ecc": 0,
            "w": 90,
            "t0": 2454967.651
        }
    }
}